﻿<CustomObject Id="24" Name="Account" CoLabel="Account" Description="Account" DesignerData="" IsAgentVisible="True" IsAnalyticsVisible="True" IsSubclass="False" IsMenu="False" IsMenuOnlyClass="False" HasLabels="False" HasDescription="False" HasNotes="False" HasFileAttachment="False" IsLogTransactionsEnabled="False" HasUserTransactions="False" HasSequence="False" AllowsSPMSuppression="False"><Package Name="OracleServiceCloud" Id="4" /><InterfaceLabels><InterfaceLabel Language="en_AU" Label="Account" Description="Account" /><InterfaceLabel Language="en_AU" Label="Account" Description="Account" /><InterfaceLabel Language="en_AU" Label="Account" Description="Account" /></InterfaceLabels><Keys /><Fields><Field Id="11257" Label="FinesseAccount" Name="FinesseAccount" DataTypeName="Text" DataType="2" IsNullable="True" IsList="False" IsLookup="False" IsCoReadOnly="False" IsAutoUpdate="False" IsSequence="False" IsSystemField="False" PackageId="26" PackageName="BlueLeapCTI" MaxLength="20" Pattern="" Usage="PlainText" /><Field Id="11258" Label="FinessePasswd" Name="FinessePasswd" DataTypeName="Text" DataType="2" IsNullable="True" IsList="False" IsLookup="False" IsCoReadOnly="False" IsAutoUpdate="False" IsSequence="False" IsSystemField="False" PackageId="26" PackageName="BlueLeapCTI" MaxLength="20" Pattern="" Usage="PlainText" /><Field Id="11259" Label="FinesseExtension" Name="FinesseExtension" DataTypeName="Integer" DataType="1" IsNullable="True" IsList="False" IsLookup="False" IsCoReadOnly="False" IsAutoUpdate="False" IsSequence="False" IsSystemField="False" PackageId="26" PackageName="BlueLeapCTI" /><Field Id="11315" Label="FinesseAutoLogin" Name="FinesseAutoLogin" DataTypeName="Yes/No" DataType="3" IsNullable="True" IsList="False" IsLookup="False" IsCoReadOnly="False" IsAutoUpdate="False" IsSequence="False" IsSystemField="False" PackageId="26" PackageName="BlueLeapCTI" ServerDefaultValue="0" /></Fields><Notes /></CustomObject><!--RaUoyzMxKVsHzjN5hFCCWp+O/92feI0SeWDm-->