﻿<CustomObject Id="10096" Name="CallSourceMenu" CoLabel="CallSourceMenu" Description="" DesignerData="" IsAgentVisible="False" IsAnalyticsVisible="True" IsSubclass="False" IsMenu="True" IsMenuOnlyClass="True" HasLabels="False" HasDescription="False" HasNotes="False" HasFileAttachment="False" IsLogTransactionsEnabled="True" HasUserTransactions="False" HasSequence="True" AllowsSPMSuppression="True"><Package Name="BlueLeapCTI" Id="26" /><MenuItems><MenuItem IsLabelsMenu="False" Name="Finesse Media Bar" /><MenuItem IsLabelsMenu="False" Name="WebRTC Media Bar" /><MenuItem IsLabelsMenu="False" Name="WebRTC Portal" /></MenuItems><InterfaceLabels><InterfaceLabel Language="en_AU" Label="CallSourceMenu" Description="" /><InterfaceLabel Language="en_AU" Label="CallSourceMenu" Description="" /><InterfaceLabel Language="en_AU" Label="CallSourceMenu" Description="" /></InterfaceLabels><Keys><Key Id="10275" KeyType="1"><Fields><Field Id="11293" /></Fields></Key><Key Id="10276" KeyType="3"><Fields><Field Id="11294" /></Fields></Key></Keys><Fields><Field Id="11292" Label="DisplayOrder" Description="System Field" Name="DisplayOrder" DataTypeName="Integer" DataType="1" IsNullable="False" IsList="False" IsLookup="False" IsCoReadOnly="False" IsAutoUpdate="False" IsSequence="True" IsSystemField="True" /><Field Id="11293" Label="ID" Description="System Field" Name="ID" DataTypeName="Integer" DataType="1" IsNullable="False" IsList="False" IsLookup="False" IsCoReadOnly="False" IsAutoUpdate="False" IsSequence="False" IsSystemField="True" /><Field Id="11294" Label="Name" Description="System Field" Name="Name" DataTypeName="Text" DataType="2" IsNullable="False" IsList="False" IsLookup="True" IsCoReadOnly="False" IsAutoUpdate="False" IsSequence="False" IsSystemField="True" MaxLength="40" Pattern="" Usage="PlainText" /></Fields><Notes /></CustomObject><!--srvO7WMUN62avXKnRmemo6yd9QV7UcJJ-->