﻿<CustomObject Id="10098" Name="CallStatusMenu" CoLabel="CallStatusMenu" Description="" DesignerData="" IsAgentVisible="False" IsAnalyticsVisible="True" IsSubclass="False" IsMenu="True" IsMenuOnlyClass="True" HasLabels="False" HasDescription="False" HasNotes="False" HasFileAttachment="False" IsLogTransactionsEnabled="True" HasUserTransactions="False" HasSequence="True" AllowsSPMSuppression="True"><Package Name="BlueLeapCTI" Id="26" /><MenuItems><MenuItem IsLabelsMenu="False" Name="Completed" /><MenuItem IsLabelsMenu="False" Name="Answered" /><MenuItem IsLabelsMenu="False" Name="Busy" /><MenuItem IsLabelsMenu="False" Name="No-answer" /><MenuItem IsLabelsMenu="False" Name="Failed" /><MenuItem IsLabelsMenu="False" Name="Cancelled" /></MenuItems><InterfaceLabels><InterfaceLabel Language="en_AU" Label="CallStatusMenu" Description="" /><InterfaceLabel Language="en_AU" Label="CallStatusMenu" Description="" /><InterfaceLabel Language="en_AU" Label="CallStatusMenu" Description="" /></InterfaceLabels><Keys><Key Id="10284" KeyType="1"><Fields><Field Id="11308" /></Fields></Key><Key Id="10285" KeyType="3"><Fields><Field Id="11309" /></Fields></Key></Keys><Fields><Field Id="11307" Label="DisplayOrder" Description="System Field" Name="DisplayOrder" DataTypeName="Integer" DataType="1" IsNullable="False" IsList="False" IsLookup="False" IsCoReadOnly="False" IsAutoUpdate="False" IsSequence="True" IsSystemField="True" /><Field Id="11308" Label="ID" Description="System Field" Name="ID" DataTypeName="Integer" DataType="1" IsNullable="False" IsList="False" IsLookup="False" IsCoReadOnly="False" IsAutoUpdate="False" IsSequence="False" IsSystemField="True" /><Field Id="11309" Label="Name" Description="System Field" Name="Name" DataTypeName="Text" DataType="2" IsNullable="False" IsList="False" IsLookup="True" IsCoReadOnly="False" IsAutoUpdate="False" IsSequence="False" IsSystemField="True" MaxLength="40" Pattern="" Usage="PlainText" /></Fields><Notes /></CustomObject><!--0i0aULzDFWTbol4PXz1wXqvepgso4bGOPw==-->