﻿<CustomObject Id="10095" Name="InteractionLog" CoLabel="InteractionLog" Description="" DesignerData="" IsAgentVisible="True" IsAnalyticsVisible="True" IsSubclass="False" IsMenu="False" IsMenuOnlyClass="False" HasLabels="False" HasDescription="False" HasNotes="False" HasFileAttachment="False" IsLogTransactionsEnabled="True" HasUserTransactions="False" HasSequence="False" AllowsSPMSuppression="False"><Package Name="BlueLeapCTI" Id="26" /><InterfaceLabels><InterfaceLabel Language="en_AU" Label="InteractionLog" Description="" /><InterfaceLabel Language="en_AU" Label="InteractionLog" Description="" /><InterfaceLabel Language="en_AU" Label="InteractionLog" Description="" /></InterfaceLabels><Keys><Key Id="10274" KeyType="1"><Fields><Field Id="11265" /></Fields></Key><Key Id="10277" KeyType="3"><Fields><Field Id="11295" /></Fields></Key><Key Id="10278" KeyType="3"><Fields><Field Id="11299" /></Fields></Key><Key Id="10282" KeyType="3"><Fields><Field Id="11304" /></Fields></Key><Key Id="10283" KeyType="3"><Fields><Field Id="11305" /></Fields></Key></Keys><Fields><Field Id="11265" Label="ID" Description="System Field" Name="ID" DataTypeName="Integer" DataType="1" IsNullable="False" IsList="False" IsLookup="False" IsCoReadOnly="False" IsAutoUpdate="False" IsSequence="False" IsSystemField="True" /><Field Id="11305" Label="Created By" Description="System Field" Name="CreatedByAccount" DataTypeName="Menu" DataType="6" IsNullable="True" IsList="False" IsLookup="False" IsCoReadOnly="True" IsAutoUpdate="False" IsSequence="False" IsSystemField="True" ServerDefaultValue="curAdminUser" OptListId="2" /><Field Id="11306" Label="Date created" Description="System Field" Name="CreatedTime" DataTypeName="Date Time" DataType="5" IsNullable="True" IsList="False" IsLookup="False" IsCoReadOnly="True" IsAutoUpdate="False" IsSequence="False" IsSystemField="True" ServerDefaultValue="curTime" /><Field Id="11267" Label="StudentID" Name="Student_id" DataTypeName="Integer" DataType="1" IsNullable="False" IsList="False" IsLookup="False" IsCoReadOnly="False" IsAutoUpdate="False" IsSequence="False" IsSystemField="False" /><Field Id="11268" Label="Agent" Name="Agent" DataTypeName="Text" DataType="2" IsNullable="True" IsList="False" IsLookup="False" IsCoReadOnly="False" IsAutoUpdate="False" IsSequence="False" IsSystemField="False" MaxLength="25" Pattern="" Usage="PlainText" /><Field Id="11277" Label="Callid" Name="Call_id" DataTypeName="Text" DataType="2" IsNullable="True" IsList="False" IsLookup="False" IsCoReadOnly="False" IsAutoUpdate="False" IsSequence="False" IsSystemField="False" MaxLength="100" Pattern="" Usage="PlainText" /><Field Id="11282" Label="CV1" Name="CV1" DataTypeName="Text" DataType="2" IsNullable="True" IsList="False" IsLookup="False" IsCoReadOnly="False" IsAutoUpdate="False" IsSequence="False" IsSystemField="False" MaxLength="25" Pattern="" Usage="PlainText" /><Field Id="11283" Label="CV2" Name="CV2" DataTypeName="Text" DataType="2" IsNullable="True" IsList="False" IsLookup="False" IsCoReadOnly="False" IsAutoUpdate="False" IsSequence="False" IsSystemField="False" MaxLength="25" Pattern="" Usage="PlainText" /><Field Id="11284" Label="CV3" Name="CV3" DataTypeName="Text" DataType="2" IsNullable="True" IsList="False" IsLookup="False" IsCoReadOnly="False" IsAutoUpdate="False" IsSequence="False" IsSystemField="False" MaxLength="25" Pattern="" Usage="PlainText" /><Field Id="11285" Label="CV4" Name="CV4" DataTypeName="Text" DataType="2" IsNullable="True" IsList="False" IsLookup="False" IsCoReadOnly="False" IsAutoUpdate="False" IsSequence="False" IsSystemField="False" MaxLength="25" Pattern="" Usage="PlainText" /><Field Id="11286" Label="CV5" Name="CV5" DataTypeName="Text" DataType="2" IsNullable="True" IsList="False" IsLookup="False" IsCoReadOnly="False" IsAutoUpdate="False" IsSequence="False" IsSystemField="False" MaxLength="25" Pattern="" Usage="PlainText" /><Field Id="11287" Label="CV6" Name="CV6" DataTypeName="Text" DataType="2" IsNullable="True" IsList="False" IsLookup="False" IsCoReadOnly="False" IsAutoUpdate="False" IsSequence="False" IsSystemField="False" MaxLength="25" Pattern="" Usage="PlainText" /><Field Id="11288" Label="CV7" Name="CV7" DataTypeName="Text" DataType="2" IsNullable="True" IsList="False" IsLookup="False" IsCoReadOnly="False" IsAutoUpdate="False" IsSequence="False" IsSystemField="False" MaxLength="25" Pattern="" Usage="PlainText" /><Field Id="11289" Label="CV8" Name="CV8" DataTypeName="Text" DataType="2" IsNullable="True" IsList="False" IsLookup="False" IsCoReadOnly="False" IsAutoUpdate="False" IsSequence="False" IsSystemField="False" MaxLength="25" Pattern="" Usage="PlainText" /><Field Id="11290" Label="CV9" Name="CV9" DataTypeName="Text" DataType="2" IsNullable="True" IsList="False" IsLookup="False" IsCoReadOnly="False" IsAutoUpdate="False" IsSequence="False" IsSystemField="False" MaxLength="25" Pattern="" Usage="PlainText" /><Field Id="11291" Label="CV10" Name="CV10" DataTypeName="Text" DataType="2" IsNullable="True" IsList="False" IsLookup="False" IsCoReadOnly="False" IsAutoUpdate="False" IsSequence="False" IsSystemField="False" MaxLength="25" Pattern="" Usage="PlainText" /><Field Id="11295" Label="source" Name="CallSource" DataTypeName="Menu" DataType="6" IsNullable="True" IsList="False" IsLookup="False" IsCoReadOnly="False" IsAutoUpdate="False" IsSequence="False" IsSystemField="False" MenuClassId="10096" /><Field Id="11299" Label="Contact" Name="Contact_id" DataTypeName="Integer" DataType="1" IsNullable="True" IsList="False" IsLookup="True" IsCoReadOnly="False" IsAutoUpdate="False" IsSequence="False" IsSystemField="False" /><Field Id="11301" Label="StartDateTime" Name="Start" DataTypeName="Date Time" DataType="5" IsNullable="True" IsList="False" IsLookup="False" IsCoReadOnly="False" IsAutoUpdate="False" IsSequence="False" IsSystemField="False" /><Field Id="11302" Label="FinishDateTime" Name="Finish" DataTypeName="Date Time" DataType="5" IsNullable="True" IsList="False" IsLookup="False" IsCoReadOnly="False" IsAutoUpdate="False" IsSequence="False" IsSystemField="False" /><Field Id="11304" Label="CallStatusMenu" Name="CallStatus" DataTypeName="Menu" DataType="6" IsNullable="True" IsList="False" IsLookup="False" IsCoReadOnly="False" IsAutoUpdate="False" IsSequence="False" IsSystemField="False" MenuClassId="10098" /><Field Id="11312" Label="Duration" Name="Duration" DataTypeName="Integer" DataType="1" IsNullable="True" IsList="False" IsLookup="False" IsCoReadOnly="False" IsAutoUpdate="False" IsSequence="False" IsSystemField="False" /><Field Id="11313" Label="IncomingNumber" Name="IncomingNumber" DataTypeName="Text" DataType="2" IsNullable="True" IsList="False" IsLookup="False" IsCoReadOnly="False" IsAutoUpdate="False" IsSequence="False" IsSystemField="False" MaxLength="15" Pattern="" Usage="PlainText" /><Field Id="11314" Label="OutgoingNumber" Name="OutgoingNumber" DataTypeName="Text" DataType="2" IsNullable="True" IsList="False" IsLookup="False" IsCoReadOnly="False" IsAutoUpdate="False" IsSequence="False" IsSystemField="False" MaxLength="15" Pattern="" Usage="PlainText" /></Fields><Notes /></CustomObject><!--j94K6xd26KZuBW2xY8DI16Z2QedNrleJMxQN-->